Brand,count
(empty),362
USPS,108
IRS,82
Amazon,52
Netflix,44
Bank of America,31
Whatsapp,20
T-Mobile,20
Home Depot,19
Costco,15
Wells Fargo,15
CVS,15
CITI,15
UPS,13
Oprah,10
Walmart,8
EDD,8
Navy Federal,7
Apple,6
PayPal,5
CHASE,4
Walgreens,4
EBT,4
FedEx,4
Charles Schwab,3
Paypal,3
WELLS FARGO,3
iPad Pro,3
Bitcoin OF AMERICA,3
FEDEX,3
Cash App,2
iPad PRO,2
remedyfr,2
UI Online,2
USAA,2
Altura Credit Union,2
Army,2
VISA,2
AMAZON,2
Verizon,2
Venmo,2
LINE,2
Snapchat,2
RBC,2
OTC,2
Dr Oz,2
Chase Bank,2
Visa,2
AT&T,2
Chase,2
INTERAC,1
STOP,1
iPhone,1
CBD,1
Cash Request Online,1
CIBC,1
ArrowBar,1
Eleven,1
COMCAST INC,1
AfterShip,1
Stdfastlegal,1
Loopback Rewards,1
Indeed,1
WHO,1
Old Row,1
Wells,1
PNC,1
Natural CBD Gummies,1
CBD COFFEE,1
"Fortnite, LoL, SSBU",1
U.S. Postal Service,1
CoinCircle,1
Flex Alert,1
Poland Springs,1
Instagram,1
UNILEVER PLC,1
RPC,1
Yeti,1
Discover Card,1
ASHOC ENERGY DRINK,1
American Consumer,1
Facebook,1
BANKOFAMERICA,1
Keto,1
AnPost,1
Canada Post,1
Powerball,1
Ozow,1
USBANK,1
American Express,1
RBank,1
I.R.S,1
NavyFed,1
MetaMask,1
CK,1
The Derma Co,1
Rebook,1
Deutsche Post,1
AIB,1
CashBack,1
CA Notify,1
ACA,1
E-Bay,1
Pruitt Group,1
Royalmail,1
wepay,1
McDonald's,1
T-MOB,1
United States Official Army Draft,1
USP,1
CIEE Study Abroad,1
Telcel,1
Trufl,1
Union Bank,1
CITIzen Bank,1
NBC,1
POR,1
Bitcoin,1
EBT-Card,1
imperialautumn.com,1
Shark-Tank,1
Navy Federal CU,1
Square,1
Lowe's,1
GameStop,1
Alaska USA,1
TD,1
UNIONBANK,1
J&J,1
Tide,1
Bank Of America,1
Total Gym,1
US Speaks,1
Coffee Meets Bagel,1
DietFix,1
UNICEF,1
Bank of the West,1
Claro video,1
EE,1
VEVOR,1
Pbpls,1
Chase Morgan,1
ICAC,1
Marine Corps,1
IceHouse,1
Burger King,1
HP,1
JP Morgan,1
Sams Club,1
OnPoint,1
WALMART,1
EuroMillions,1
BlackRock,1
GoFundMe,1
"CVS, PUBLIX, HOME DEPOT, WALMART, KROGER, BEST BUY",1
Navy FCU,1
Givingli,1
Steam Card Delivery,1
First Choice Community Healthcare,1
Vince,1
Comerica,1
OPRAH,1
Regions Bank,1
Ever Essence,1
ZEUS,1
Geico,1
Twix,1
San Diego,1
unusa,1
TCWGlobal,1
Twitter,1
BANK OF AMERICA,1
Marlborough,1
Amazon Inc,1
Shark Tank,1
Citizens Bank,1
VONS,1
Coinbase,1
Clearview Laser,1
MADSHNE,1
HMRC,1
HOME DEPOT,1
US Postal,1
